id,title,image_id
1,3Com,
2,3dFX/STB,
3,A4tech,
4,Aashima,
5,Abit,
6,Acer,2300090
7,Actima,
8,Activision,2672350
9,Actualize,
10,Adaptec,
11,Addtronics,
12,ADI,
13,Advansys,
14,Afreey,
15,Agfa,
16,Albatron,
17,AMD,2456158
18,Anir,
19,AOpen,
20,Apacer,
21,Apple,2305604
22,Archos,
23,Asus,2308820
24,ATI,
25,Audiovox,
26,Avance,
27,Belinea,
28,Benefon,
29,BenQ,2308825
30,Bosscom,
31,Brother,2311532
32,Canon,2300775
33,CardExpert,
34,Casio,2493594
35,CenDyne,
36,Chaintech,
37,Cherry,
38,Chieftec,2697403
39,Club3D,
40,CNet,
41,Codemasters,2702198
42,CompactFlash,
43,Compucase,
44,Connect3D,
45,Contax,
46,Corsair,2305342
47,Cowon Systems,
48,Creative,2456109
49,Crucial,2309684
50,Cryo Interactive,
51,D-Link,2308884
52,Diamond,
53,MPIO (Digitalway),
54,Dioneer,
55,Diverse,
56,DrayTek,
57,Dynamic Naked Audio,
58,EagleTEC,
59,Eidos Interactive,
60,Eizo,2493625
61,EA Games,
62,ECS,
63,Elsa,
64,Elson,
65,Enlight,
66,Enmic,
67,EPoX,
68,Epson,2300774
69,FIC,
70,Fishtank Interactive,
71,Freecom,2754651
72,Frontierlabs,
73,Fujifilm,2672328
74,Fujitsu,2305601
75,Fujitsu-Siemens,2672483
76,Funcom,
77,Gainward,2702180
78,Gathering of Developers,
79,GeIL,2699072
80,Gigabyte,2305607
81,Handspring,
82,Hansol,
83,Hercules,
84,HP,3272489
85,HighPoint,
86,Hitachi,2311069
87,Hyundai,
88,IBM,2877408
89,id Software,
90,In-Win,
91,Infogrames,
92,Inno3D,2697184
93,Intel,2301000
94,Interactive Media,
95,IOmega,
96,iRiver,
97,i-rocks,
98,Iwill,2703233
99,JazPiper,
100,Jens of Sweden,
101,Jensen,2682234
102,Jetway,2755109
103,JoWood Productions,
104,JVC,2457431
105,Keytronic,
106,Kodak,3272703
107,Konami,
108,Konica Minolta,
109,KSCOM,
110,Kyocera,2697251
111,Labtec,
112,Leadtek,
113,Leica,2672329
114,Lexmark,2457273
115,LG,2300718
116,Lian Li,2756190
117,Lite On,
118,Logitech,2308827
119,Lucas Arts,
120,Matrox,2755511
121,Maxtor,
122,Media Forte,
123,Megadata,
124,Memorex,
125,Memory Stick Duo,
126,Memory Stick Pro,
127,Memorystick,
128,Microdrive,
129,Micron,
130,Microsoft,2305602
131,MSI,2300778
132,MicroStorage,
133,Microtek,
134,Minolta,
135,Mitsumi,
136,Mmore,
137,Monolith Productions,
138,Mosel,
139,Motorola,2456113
140,Multimediacard,
141,Mustek,
142,Napa,
143,Nec,2456379
144,Nikon,2308819
145,Nokia,2308893
147,Novalogic,
148,Oki,2493606
149,Olympus,2456448
150,One Technologies,
151,Panasonic,2300776
152,Pentax,2493597
153,Perception Digital,
154,Philips,3033348
155,Pioneer,2311526
156,Plextor,
157,Point Of View,
158,Promise,
159,Psion,
160,Qtek,
161,Quantum,
162,QuietPC,
163,Razer,2308892
164,RCA,
165,Red Storm Entertainment,
166,Ricoh,2672325
167,Rollei,
168,Samsung,2299052
169,Samtron,
170,Sanyo,
171,Sapphire,2682611
172,Seagate,2309948
173,Secure Digital Memory Card,
174,Shuttle,2755385
175,Siemens,2300779
176,Sierra Studios,
177,Sigma,2309941
178,Sky Hawk,
179,SLC Scandinavien,
180,Smartmedia,
181,SMC,
182,Soltek,
183,Sonic Blue,
184,Sony,2300092
185,Sony Ericsson,2672304
186,Soyo,
187,Strategy First,
188,Sunsway,
189,Suntek,
190,Supermicro,2682946
191,Take 2,
192,Talonsoft,
193,Tamron,2672326
194,Targa,
195,TDK,
196,Teac,2673395
197,Team 17,
198,Tekram,
199,TerraTec,
200,THQ,
201,Thunderbolt,
202,Toshiba,2311557
203,Traxdata,
204,Trend Micro,
205,Trust,2456353
206,TwinMOS,
207,Tyan,
208,Ubisoft,2456284
209,Unex,
210,Unitech Electronics,
211,Verbatim,2683151
212,VIA,
213,Videologic,
214,Viewpoint,
215,ViewSonic,2686696
216,Virgin,
217,Wacom,2672301
218,Waitec,
219,Western Digital,2305338
220,Westwood Studios,
221,Winbond,
222,WizardWorks,
223,XD-Picture Card,
224,Yamaha,2456406
225,test,
226,100K,
227,MEIZU,
228,MECOTEK,
229,LevelOne,
230,Antec,2686709
231,AOC,2456164
232,Compaq,
233,Orion,
234,Matrix,2675369
235,IMRI,
237,SiPix,
238,Q-tec,
239,Thermaltake,2672310
240,Chyang Fun,
241,Cooler Master,2457272
242,Avantech,
243,Chenbro,
245,DFI,
246,Ask Proxima,
247,Infocus,2683365
248,Plus-Vision,
249,Corega,
250,HIS,
251,HighFly,
252,Altec Lansing,
253,Enermax,2699080
254,MS-Tech,
255,Typhoon,3231168
256,Sandberg,2672298
257,PMPO,
258,Asono,
259,Hansori,
260,AMAC,
261,Nextway,
262,BMW,2965758
263,Enhance,
264,Audi,2925392
265,Peugeot,2887524
266,Think,
267,Billionton,
268,Datafab,
269,eMagic,
270,InterMagic,
271,Metz,2789383
272,Rio Audio,
273,SanDisk,2456162
274,Pendulo Studios,
275,LiteOn,
276,Sparkle,
277,Buffalo,2682919
278,MP3,
279,Eicon,
280,Asuscom,
281,Billion,
282,Dell,2300749
283,Phantom Plate,
284,GeCube,
285,Rockstar North,2456329
286,Nintendo,2456268
287,LucasArts,
288,Massive Entertainment,
289,Libec,
290,Gearbox Software,2789407
291,Ensemble Studios,
292,Triumph Studios,
293,Interactive Vision,
294,GSC Game World,
295,Sunflower,
296,Mirage Interactive,
297,Arkane Studios,
298,Turbine Entertainment,
299,Massive Development,
300,Grin,
301,Digital Illusions,
302,Liquid Entertainment,
303,Deep Red Games,
304,Similis Software,
305,Nival Interactive,
306,Vectorcom,
307,Sports Interactive,2999702
308,Cauldron,
309,DreamWorks Interactive,
310,Battlefront,
311,EA Los Angeles,
312,Funatics,
313,Boston Animation,
314,Zombie Studios,
315,Digitalo Studios,
316,Larian Studios,
317,Dragonstone,
318,Greenleaf,
319,Sunstorm Interactive,
320,Sixteen Tons Entertainment,
321,Stainless Steel Studios,
322,Shiny Entertainment,
323,4Head Studios,
324,Verant Interactive,
325,EA Sports,2702328
326,Greenwood Entertainment,
327,Monte Cristo,
328,Irrational Games,
329,Digital Anvil,
330,In Images,
331,Stardock Systems,
332,Rockstar Vancouver,2456330
333,Piranha Bytes,
334,Game Arts,
335,Paradox Entertainment,
336,Digital Reality,
337,IO Interactive,
338,Enlight Software,
339,Black Isle Studios,
340,Aston Martin,
341,Relic Entertainment,
342,The Collective,
343,Wanadoo Edition,
344,Raven Software,
345,Mad Doc Software,
346,Blue Tounge,
347,Softlab NSK,
348,Silicon Dreams,
349,Microsoft Game Studios,
350,Surreal Software,
351,Illusion Softworks,
352,2015,
353,Creative Assembly,2757386
354,Reakktor,
355,BioWare,
356,Bohemia Interactive,
357,Wings Simulations,
358,Akella,
359,Running With Scissors,
360,Microids,
361,Pyro Studios,
362,Object Software,
363,Innerloop Studios,
364,A.S.K. Homework,
365,Outrage Games,
366,G5 Software,
367,Gray Matter Studios,
368,Big Huge Games,
369,NoLimits,
370,VCC Entertainment,
371,Croteam,
372,Firaxis,
373,Ultimation,
374,Maxis,2999699
375,Heart-Line Software,
376,Firefly Studios,
377,Fireglow,
378,Stormregion,
379,7fx,
380,Bethesda Softworks,2456351
381,Radical Entertainment,
382,Ubisoft Montreal,2456285
383,Core Design,
384,Frog City,
385,Origin Systems,
386,Auran,
387,Legend Entertainment,
388,Digital Extremes,
389,Introversion,
390,Pterodon,
391,Independent Arts Software,
392,Blizzard Entertainment,2456282
393,Black Cactus,
394,SSG,
395,Reality Pump Studios,3175082
396,Blue Fang Games,
397,Snowblind Studios,
398,Artoon,
399,Criterion Studios,
400,I-Imagine Interactive,
401,Tecmo,
402,Namco Bandai,2999708
403,Southend Interactive,
404,Eurocom Entertainment,
405,Vicarious Visions,
406,Smilebit,
407,Treyarch,
408,Just Add Monsters,
409,Rainbow Studios,
410,Atomic Planet Entertainment,
411,Climax,
412,Genki,
413,Wide Games,
414,Milestone,
415,Rage Games,
416,Steel Monkeys,
417,SEGA-AM2,
418,Capcom,2672340
419,Black Ops Entertainment,
420,Circus Freak,
421,Studio Gigante,
422,Blitz Games,
423,Free Radical Design,
424,Visual Concepts,
425,Neversoft Interactive,
426,Acclaim Studios,
427,Presto Studios,
428,Synetic,
429,Yager Development,
430,Silicon Knights,
431,Treasure,
432,From Software,2755113
433,Retro Studios,
434,Know Wonder,
435,Sonic Team,
436,Rare Ltd.,
437,Factor 5,
438,Pandemic Studios,
439,Amusement Vision,
440,Krome Studios,
441,Z-Axis,
442,Zono,
443,SCEI,
444,Lost Toys,
445,Mucky Foot,
446,Terminal Reality,
447,Page 44,
448,Ion Storm,
449,Bandai,
450,Square Enix,2493610
451,SCEE,
452,Polyphony Digital,
453,Stormfront Studios,
454,Sheffield House,
455,Rockstar San Diego,2456347
456,Anchor Inc.,
457,Insomniac Games,2999704
458,Volition,
459,Sucker Punch Productions,
460,Check Six Studios,
461,Reflection Studios,
462,K2,2673170
463,The Code Monkeys,
464,989 Sports,
465,Bizarre Creations,
466,Eden Studios,
467,Incognito Studios,
468,Appeal,
469,Papaya Studio,
470,Evolution Studios,
471,Stealth Studios,
472,Yuke's,
473,VIS Entertainment,
474,Techland,
475,Big Blue Box,
476,Crytek Studios,
477,MiST Land,
478,MADia Entertainment,
479,Jonquil Software,
480,MindArk,
481,Kuju Entertainment,
482,4x Studios,
483,Phantagram Interactive,
484,Razorwax,
485,EA Mythic,
486,LFS Team,
487,Rebelmind,
488,Unique Development Studios,
489,Contraband Entertainment,
490,Shaba Games,
491,Iridion,
492,Lionhead Studios,
493,Sirius Games,
494,PowerColor,
495,Ucom,
496,Everglide,
497,Valve Software,
498,Level-5,
499,Beep Industries,
500,Starbreeze Studios,
501,CCP,
502,Aki Corporation,
503,Frontier Development,
504,Delkin,
505,Vosonic,
506,Boolat Games,
507,Headfirst Productions,
508,Black Box Games,
509,Sony Online Entertainment,
510,Aten,2683557
511,Exsys,
512,Troika,
513,Infinity Ward,
514,GWCTech,
515,Inevitable Entertainment,
516,TimeGate Studios,
517,3D Realms,
518,Ritual,
519,Avid,
520,Mayhem Studios,
521,Brat Designs,
522,Elixir Studios,
523,Warthog,
524,Thrustmaster,2672348
525,Ferraro Design,
526,Belkin,2999619
527,Steel,
528,Compad,
529,Saitek,2673341
530,IceMat,
531,Datel,
532,Fanatec,
533,Alfa Romeo,
534,Volkswagen,2673132
535,Hypnos Entertainment,
536,Nevrax,
537,Rebellion Software,
538,Altar Interactive,
539,Remedy,
540,Bungie,
541,1C: Maddox Games,
542,PopTop Software,
543,Flying Labs,
544,Black Element Software,
545,High Voltage Software,
546,Saffire Studios,
547,Nadeo,
548,Crystal Dynamics,
549,Haemimont,
550,Artifact Entertainment,
551,Luxoflux,
552,Hudson,
553,Cyan Worlds,
554,Reflexive,
555,Moon Byte Studios,
556,Rebemind,
557,Naughty Dog,
558,Human Head Studios,
559,Ikke annonsert,
560,Camelot,
561,Made by Kiddies,
562,Ã‰tranges Libellules,
563,Planet Moon Studios,
564,Mitsubishi,2456219
565,Revolution Software,
566,Pan Vision Corp. Games,
567,Intelligent Systems,2999715
568,SCEJ,
569,Midway,
570,Kritzelkratz,
571,Rapid Eye Entertainment,
572,Deep Shadows,
573,Atari,
574,Wargaming,
575,Zepto,
576,Ascaron,
577,Soligor,
578,Xerox,2699525
579,Frogwares,
580,Skoda,
582,Ovislink,
583,Egosoft,
584,K-D Lab,
585,Power and Magic Development,
586,Daihatsu,
587,Hypnotix,
588,Magix,
589,Nako Interactive,
590,Genuine Games,
591,Lexis Numerique,
593,Swingin' Ape Studios,
594,Iiyama,2682938
595,OCZ,2702181
596,A.C. Ryan,
597,ASRock,2308828
598,MagPix,
599,CyberDrive,
600,Artec,
601,Lenovo,3272490
602,ALPS,
603,Imation,
604,Argonaut,
605,Kingston,2308849
606,Dallas,
607,Bugbear Entertainment,
608,OZAKI,
609,Plantronics,2457435
610,Totally Games,
611,Elixir,2874009
612,EZ-MEM,
613,Hynix,
614,MAB-MEMORY,
615,Spectek,
616,Game Factory Interactive,
617,Nextlink,
618,Jabra,2456092
619,Dane-Elec,
620,3D People,
621,High Moon Studios,
622,Davilex Games,
623,Linksys,2682613
624,Best Way,
625,KOEI,
626,Land Rover,
627,Gidana Mr. Platinum,
628,Solid,2917634
629,Battleborne Entertainment,
630,HotGen Studios,
631,Kia,
632,576 Media,
633,NCsoft,
634,Juice Games,
635,Papst,
636,Pinnacle,2916242
637,Chrysler,
638,Lago,
639,LaCie,2493595
640,Hitmaker,
641,Renault,
642,Memory Stick Pro Duo,
643,Intrepid Games,
644,Casetek,
645,Raidmax,
646,BlackView,
647,Di-Fusion,
648,Paradigm,2868206
649,Koss,2691837
650,Sennheiser,2308885
651,Monkeystone,
652,L'Art,
653,Joylabs,
654,Daewoo,
655,Secret Level,
656,EA Phenomic,
657,Guerrilla,
658,Vivitar,
659,Spellbound,
660,Zynet,
661,MacPower,
662,S2 Games,
663,Fumda,
664,BeanTech,
665,Kanam Electronics,
666,BTC,
667,DTF Games,
668,MUZIO,
669,Impressions,
670,Beautiful Game Studios,
671,Piranha,
672,Shure,2767724
673,Packard Bell,
674,Jaguar,
675,3000AD Inc.,
676,369 Interactive,
677,Edge of Reality,
678,Prolink,
679,Taito,
680,Sigil Games,
681,Future Games,
682,ZyXEL,2457442
683,Epic Games,2682595
684,Nicely Crafted Entertainment,
685,Natsume,
686,Sunbeam,
687,People Can Fly,
688,Ratbag,
689,Travellers Tales,2755515
690,Supersonic,
691,Blue Byte,
692,Ice-pick Lodge,
693,Hasbro Interactive,
694,MicroProse,
695,Slitherine Software,
696,Lesta Studios,
697,Tantalus Int.,
698,Spire,
699,fUnc,
701,Chris Sawyer,
702,Rival Interactive,
703,Kronos Interactive,
704,Thermalright,
705,Ratpadz,
706,Papst,
707,WaterChill,
708,Zalman,2788626
709,Arctic Silver,
710,Infinite Interactive,
711,MuckyBaby,
712,Transcend,2308886
713,HBM,
714,Pipeworks,
715,Monster Games,
716,HP Compaq,
717,Paradox Interactive,
718,Avalanche Software,
719,Cyberlore Studios,
720,Umates,
721,Targus,2457437
722,Deltaco,2672291
723,Amuze,
724,Devolo,2767730
725,Mobius,
726,Amaze Entertainment,
727,Hip Interactive,
728,Hyperglide,
729,Aruze Corporation,
730,Interplay,
731,Qpad,2767740
732,Sumo Digital,
733,PalmOne,
734,Medion,
735,PSData,
736,PS Data,
737,Trendnet,2702200
738,Beyerdynamic,2673411
739,Hauppauge,
740,Cisco,2457470
741,Netgear,2309949
742,Titan,2753443
743,Arena.net,
744,Cryptic Studios,
745,Vir2L,
746,Khaeon,
747,SimBin Developments,
748,NuclearVision,
749,Obsidian Entertainment,2790287
750,Tilted Mill Entertainment,
751,Hiper,
752,PNY,2457313
753,Spark Unlimited,
754,Plastic Reality,
755,Legacy Interactive,
756,Quantic Dream,2867293
757,Titus Interactive,
758,inXile Entertainment,
759,Grado,
760,TwinHan,
761,AVerMedia,3013117
762,LifeView,
763,Mithis Games,
765,Etymotic,
766,JBL,2456094
767,ExDream,
768,TechniSat,
770,Gas Powered Games,
771,Acclaim Cheltenham,
772,Day 1 Studios,
773,Foxconn,
774,Kylotonn,
775,Harmonix,
776,Polaroid,2672330
777,n-Space,
778,Confounding Factor,
779,Pivotal Games,
780,M-Audio,2673405
781,Destination Games,
782,Black Hole Games,
783,Allsop,
784,iEntertainment Network,
785,Black Sea Studios,
786,GolemLabs,
787,Heuristic Park,
788,Mindware Studios,
789,Streko Graphics Inc.,
790,Primal Software,
791,GlypX Games,
792,Access Games,
793,Arc Systems Work,
794,Monolith Software,
795,Eytechnyx,
796,Archangel Studios,
797,Interserv International,
798,Venom Games,
799,Apex Designs,
801,Melbourne House,
802,Kiss,
803,Proff,
804,Vibrant,
805,Metro3D,
806,Hyper-Devbox,
807,CTX,
808,Burut,
809,Nu-Generation,
810,Cyanide,
811,Magitech Corporation,
812,Rotobee,
813,CasEdge,
814,Holux,
815,Haicom,
816,Garmin,2305713
817,3DLabs,
818,Adobe,2673374
819,Harman/Kardon,2456097
820,Klipsch,2456107
821,Buena Vista Home Entertainment,
822,New Line Cinema,
823,Twentieth Century Fox,
824,Warner Bros,2697092
825,Invictus Games,
826,Hexagon,
827,Speed-Link,
828,Mini Secure Digital Memory Card,
829,e-yama,
830,Phalanx Studios,
831,PixelCage,
832,East Coast Games,
833,Oddworld Inhabitants,
834,Blue 52,
835,Digital Eclipse,
836,Red Entertainment,
837,Takara,
838,Hydravision,
839,Psycho Craft Studio,
840,Detalion,
841,Griptonite Games,
842,Galilea,
843,Heavy Iron,
844,Helixe Games,
845,Spore Games,
846,SNK Playmore,
847,Autumn Moon Entertainment,
848,Gameloft,
849,3M,2493612
850,Data Design Interactive,
851,Mercury Steam,
852,Kheops Studios,
853,Action Forms,
854,Magellan,
855,NorthQ,
856,WOP-DevTeam,
857,Fortron/Source,
858,FSP Group,
859,Projectiondesign,
860,Optoma,2457144
861,Tate Interactive,
862,Artificial Mind & Movement,
863,Nor Elektronikk,
864,Miramax,
865,Sony Pictures Home Entertainment,2757393
866,Universal Studios,
867,Metro-Goldwyn Mayer,
868,Warner Bros. Entertainment,2788536
869,The Fizz Factor,
870,Aspire,
871,Atlus,
872,TKO Software,
873,Empire Interactive,
874,House of Tales,
875,3ware,
876,Signamax,
877,Gusto Games,
878,Double Fine Productions,2789443
879,Heaven X,
880,Spinning Reality,
881,Torus Games,
882,Formac,
883,Blade Interactive,
884,Daydream Software,
885,Atec,
886,Sharp,2683814
887,Paragon 5,
888,Tannhause Gate,
889,MIST,
890,Mini-box,
891,Maipo,
892,Alpha,2917143
893,Arctic Cooling,
894,CoolJag,
895,NoiseControl,
896,TaiSol,
897,Speeze,
898,Destineer Studios,
899,Swiftech,
900,GlacialTech,
901,Reduced Size Multimediacard,
902,Mazda,
903,Gameyus,
904,Aerocool,
905,Akasa,2675274
906,Minox,
907,Nexus,
908,PQI,
909,Amaze Studios,
910,Strangelite,
911,Apollo,
912,Sandrew Metronome Norge,
913,Smartcooler,
914,Coolermate,
915,BeQuiet,
916,Bits Studios,
917,CD Project,
918,Arkua,
919,Evercool,
920,Sibak,
921,Power Cooler,
922,CyberCooler,
923,GlobalWin,
924,YTS,
925,AVC,
926,Mercury,
927,Midway Sports,
928,LEGO Interactive,
929,Scythe,
930,Nidec,
931,Coolerstar,
932,Coolmax,
933,Startech,2675273
934,iCute,
935,Swordfish Studios,
936,Paramount Home Entertainment,2691688
937,Dreamworks,
938,Newmarket Films,
939,Touchstone Pictures,
940,Alcatel,2456143
941,Revoltec,
942,Vantec,
943,Jadestone,
944,KaWoW!,
945,Continental Edison,
946,SCS Software,
947,Perpetual Entertainment,
948,Corepad,
949,Revelcell,
950,Fatal1ty,
951,ORiNOCO,
952,Tagan,
953,Zippy,
954,BioSlimDisk,
955,Asour,
956,Banpresto,
957,Lava,2991084
958,Fox,2788644
959,LOUDnett,
960,Icybox,2692480
961,DangerDen,
962,Daisy Multimedia,
963,Shark,2675178
964,Silverstone,2692487
965,Symantec,2673375
966,Azona,
967,Tiwak,
968,Sylum Entertainment,
969,Related Designs,
970,Yesico,
971,Colors,
972,Pretec,
973,Magic Star,
974,SF Norge,
975,AquaComputer,2756193
976,Universal Pictures 2,
977,Razbor Studios,
978,Revistronic,
979,RaidSonic,
980,Vivanco,
981,Image & Shapetek,
982,Kaspersky,
983,Quadral,
984,Game Freak,2999709
985,Inovix,
986,Replay Studios,
987,Etasis,
988,Darkworks,
989,City Interactive,
990,ArtPlant,
991,HiTi,
992,Nordisk Film,2692483
993,Scanbox Entertainment,
994,Cyber Acoustics,
995,Acousti Products,
996,Candella Software,
997,Quicksilver,2951689
998,That's Write!,
999,Pine,
1000,Sweex,2672460
1001,Nippon Ichi,
1002,Norman,
1003,Cidesign,
1004,F-Secure,2673376
1005,Hasselblad,
1006,Xelo,
1007,Tokina,2788552
1008,APC,2684296
1009,Jasc,
